,ID,N_C,N_E,sample,cit,year,design,sound,sound_type,db,task,measure,mean_C,var_C,mean_E,var_E,var_type,journal,IF,reference
1,1,40,40,adults,Sörqvist et al. (2010),2010,within,speech,native,72.5,reading comprehension/ select word,num_correct,11.55,2.24,10.58,2.93,SD,Applied Cognitive Psychology,1.481,"Sörqvist, P., Halin, N., & Hygge, S. (2010). Individual differences in susceptibility to the effects of speech on reading comprehension. Applied Cognitive Psychology, 24(1), 67-76. doi:10.1002/acp.1543"
2,1,40,40,adults,Sörqvist et al. (2010),2010,within,speech,native,72.5,reading comprehension/ select word,reading_speed,14.22,3,14.41,2.56,SD,Applied Cognitive Psychology,1.481,"Sörqvist, P., Halin, N., & Hygge, S. (2010). Individual differences in susceptibility to the effects of speech on reading comprehension. Applied Cognitive Psychology, 24(1), 67-76. doi:10.1002/acp.1543"
3,2,70,50,children,Ljung et al. (2009),2009,between,noise,traffic,62,select word,prop_correct,0.69,0.19,0.66,0.18,SD,Noise and Health,1.826,"Ljung, R., Sörqvist, P., & Hygge, S. (2009). Effects of road traffic noise and irrelevant speech on children's reading and mathematical performance. Noise and Health, 11(45), 194-198."
4,2,70,50,children,Ljung et al. (2009),2009,between,noise,traffic,62,select word,reading_speed,38.19,4.48,33.74,8.09,SD,Noise and Health,1.826,"Ljung, R., Sörqvist, P., & Hygge, S. (2009). Effects of road traffic noise and irrelevant speech on children's reading and mathematical performance. Noise and Health, 11(45), 194-198."
5,2,70,66,children,Ljung et al. (2009),2009,between,speech,babble,62,select word,prop_correct,0.69,0.19,0.72,0.15,SD,Noise and Health,1.826,"Ljung, R., Sörqvist, P., & Hygge, S. (2009). Effects of road traffic noise and irrelevant speech on children's reading and mathematical performance. Noise and Health, 11(45), 194-198."
6,2,70,66,children,Ljung et al. (2009),2009,between,speech,babble,62,select word,reading_speed,38.19,4.48,37.18,4.96,SD,Noise and Health,1.826,"Ljung, R., Sörqvist, P., & Hygge, S. (2009). Effects of road traffic noise and irrelevant speech on children's reading and mathematical performance. Noise and Health, 11(45), 194-198."
7,3,14,14,children,Fogelson (1973),1973,between,music,popular,NA,reading comprehension,num_correct,43.9,18.8,35.9,18.3,SD,Perceptual and Motor Skills,0.618,"Fogelson, S. (1973). Music as a distractor on reading-test performance of eighth grade students. Perceptual and Motor Skills, 36(3c), 1265-1266. doi:10.2466/pms.1973.36.3c.1265"
8,4,75,76,adults,Tucker & Bushman (1991),1991,between,music,rock and roll,80,reading comprehension,num_correct,4.69,2.18,4.68,2.43,SD,Perceptual and Motor Skills,0.618,"Tucker, A., & Bushman, B. J. (1991). Effects of rock and roll music on mathematical, verbal, and reading comprehension performance. Perceptual and Motor Skills, 72(3), 942-942. doi:10.2466/pms.1991.72.3.942"
9,5,24,24,adults,Daoussis & McKelvie (1986),1986,between,music,rock,50,reading comprehension,num_correct,9.14,3.55,7.6,2.16,SD,Perceptual and Motor Skills,0.618,"Daoussis, L., & McKelvie, S. J. (1986). Musical preferences and effects of music on a reading comprehension test for extraverts and introverts. Perceptual and Motor Skills, 62(1), 283-289. doi:10.2466/pms.1986.62.1.283"
10,6,32,32,adults,Etaugh & Michals (1975),1975,within,music,preferred,NA,reading comprehension,num_correct,7.6,NA,6.75,NA,NA,Perceptual and Motor Skills,0.618,"Etaugh, C., & Michals, D. (1975). Effects on reading comprehension of preferred music and frequency of studying to music. Perceptual and Motor Skills, 41(2), 553-554. doi:10.2466/pms.1975.41.2.553"
11,7,20,20,adults,Etaugh & Ptasnik (1982),1982,between,music,preferred,NA,reading comprehension,num_correct,6.2,NA,4.8,NA,NA,Perceptual and Motor Skills,0.618,"Etaugh, C., & Ptasnik, P. (1982). Effects of studying to music and post-study relaxation on reading comprehension. Perceptual and Motor Skills, 55(1), 141-142. doi: 10.2466/pms.1982.55.1.141"
12,8,18,18,children,Kiger (1989),1989,between,music,low information load,NA,reading comprehension,num_correct,12,0.4,13.4,0.4,SD,Perceptual and Motor Skills,0.618,"Kiger, D. M. (1989). Effects of music information load on a reading comprehension task. Perceptual and Motor Skills, 69(2), 531-534. doi:10.2466/pms.1989.69.2.531"
13,8,18,18,children,Kiger (1989),1989,between,music,high information load,NA,reading comprehension,num_correct,12,0.4,11.6,0.7,SD,Perceptual and Motor Skills,0.618,"Kiger, D. M. (1989). Effects of music information load on a reading comprehension task. Perceptual and Motor Skills, 69(2), 531-534. doi:10.2466/pms.1989.69.2.531"
14,9,49,49,adults,Miller & Schyb (1989),1989,between,music,classical,47.5,reading comprehension,num_correct,8.3,0.55,8.8,0.7,SE,Journal of Music Therapy,0.786,"Miller, L. K., & Schyb, M. (1989). Facilitation and interference by background music. Journal of Music Therapy, 26(1), 42-54. doi:10.1093/jmt/26.1.42"
15,9,49,49,adults,Miller & Schyb (1989),1989,between,music,pop,47.5,reading comprehension,num_correct,8.3,0.55,9.2,0.55,SE,Journal of Music Therapy,0.786,"Miller, L. K., & Schyb, M. (1989). Facilitation and interference by background music. Journal of Music Therapy, 26(1), 42-54. doi:10.1093/jmt/26.1.42"
16,9,49,49,adults,Miller & Schyb (1989),1989,between,music,vocal,47.5,reading comprehension,num_correct,8.3,0.55,6.6,0.5,SE,Journal of Music Therapy,0.786,"Miller, L. K., & Schyb, M. (1989). Facilitation and interference by background music. Journal of Music Therapy, 26(1), 42-54. doi:10.1093/jmt/26.1.42"
17,10,56,56,adults,Doyle & Furnham (2012),2012,within,music,vocal,NA,reading comprehension,num_correct,4.825,2.74,5.235,2.845,SD,Thinking Skills and Creativity,1.022,"Doyle, M., & Furnham, A. (2012). The distracting effects of music on the cognitive test performance of creative and non-creative individuals. Thinking Skills and Creativity, 7(1), 1-7. doi:10.1016/j.tsc.2011.09.002"
18,11,334,334,children,Anderson & Fuller (2010),2010,within,music,lyrical,75,reading comprehension,num_correct,30.56,10.21,26.49,10.7,SD,School Psychology Quarterly,2.75,"Anderson, S. A., & Fuller, G. B. (2010). Effect of music on reading comprehension of junior high school students. School Psychology Quarterly, 25(3), 178-187. doi:10.1037/a0021213"
19,12,76,76,children,Furnham & Strbac (2002),2002,within,noise,office,NA,reading comprehension,num_correct,23.93,3.12,18.83,4.88,SD,Ergonomics,1.449,"Furnham, A., & Strbac, L. (2002). Music is as distracting as noise: The differential distraction of background music and noise on the cognitive test performance of introverts and extraverts. Ergonomics, 45(3), 203-217. doi:10.1080/00140130210121932"
20,12,76,76,children,Furnham & Strbac (2002),2002,within,music,vocal/unfamiliar,NA,reading comprehension,num_correct,23.93,3.12,20.18,3.255,SD,Ergonomics,1.449,"Furnham, A., & Strbac, L. (2002). Music is as distracting as noise: The differential distraction of background music and noise on the cognitive test performance of introverts and extraverts. Ergonomics, 45(3), 203-217. doi:10.1080/00140130210121932"
21,13,45,45,children,Mullikin & Henk (1985),1985,within,music,classical,NA,reading comprehension,num_correct,8.428,1.4044,9.176,0.863,SD,Journal of Reading,0.171,"Mullikin, C. N., & Henk, W. A. (1985). Using music as a background for reading: An exploratory study. Journal of Reading, 353-358."
22,13,45,45,children,Mullikin & Henk (1985),1985,within,music,rock,NA,reading comprehension,num_correct,8.428,1.4044,7.628,1.83,SD,Journal of Reading,0.171,"Mullikin, C. N., & Henk, W. A. (1985). Using music as a background for reading: An exploratory study. Journal of Reading, 353-358."
23,14,19,20,children,Avila et al. (2011),2011,between,music,vocal/ familiar,NA,reading comprehension,num_correct,13.42,0.5,9.15,0.66,SE,Psychology of Music,2.01,"Avila, C., Furnham, A., & McClelland, A. (2011). The influence of distracting familiar vocal music on cognitive performance of introverts and extraverts. Psychology of Music, 40(1), 84-93. doi:10.1177/0305735611422672"
24,14,19,19,children,Avila et al. (2011),2011,between,music,instrumental/ familiar,NA,reading comprehension,num_correct,13.42,0.5,6.74,0.98,SE,Psychology of Music,2.01,"Avila, C., Furnham, A., & McClelland, A. (2011). The influence of distracting familiar vocal music on cognitive performance of introverts and extraverts. Psychology of Music, 40(1), 84-93. doi:10.1177/0305735611422672"
25,15,43,46,adults,Freeburne & Fleischer (1952),1952,between,music,classical,NA,reading comprehension,num_correct,13.4,5.81,13.57,8.95,SD,Journal of Educational Psychology,3.256,"Freeburne, C. M., & Fleischer, M. S. (1952). The effect of music distraction upon reading rate and comprehension. Journal of Educational Psychology, 43(2), 101-109. doi:10.1037/h0054219"
26,15,43,46,adults,Freeburne & Fleischer (1952),1952,between,music,classical,NA,reading comprehension,reading_speed,648.23,112.11,696.54,159.65,SD,Journal of Educational Psychology,3.256,"Freeburne, C. M., & Fleischer, M. S. (1952). The effect of music distraction upon reading rate and comprehension. Journal of Educational Psychology, 43(2), 101-109. doi:10.1037/h0054219"
27,15,43,42,adults,Freeburne & Fleischer (1952),1952,between,music,pop,NA,reading comprehension,num_correct,13.4,5.81,13.62,6.4,SD,Journal of Educational Psychology,3.256,"Freeburne, C. M., & Fleischer, M. S. (1952). The effect of music distraction upon reading rate and comprehension. Journal of Educational Psychology, 43(2), 101-109. doi:10.1037/h0054219"
28,15,43,42,adults,Freeburne & Fleischer (1952),1952,between,music,pop,NA,reading comprehension,reading_speed,648.23,112.11,704.05,159.83,SD,Journal of Educational Psychology,3.256,"Freeburne, C. M., & Fleischer, M. S. (1952). The effect of music distraction upon reading rate and comprehension. Journal of Educational Psychology, 43(2), 101-109. doi:10.1037/h0054219"
29,15,43,40,adults,Freeburne & Fleischer (1952),1952,between,music,semi-classical,NA,reading comprehension,num_correct,13.4,5.81,12.95,5.09,SD,Journal of Educational Psychology,3.256,"Freeburne, C. M., & Fleischer, M. S. (1952). The effect of music distraction upon reading rate and comprehension. Journal of Educational Psychology, 43(2), 101-109. doi:10.1037/h0054219"
30,15,43,40,adults,Freeburne & Fleischer (1952),1952,between,music,semi-classical,NA,reading comprehension,reading_speed,648.23,112.11,695.25,148.27,SD,Journal of Educational Psychology,3.256,"Freeburne, C. M., & Fleischer, M. S. (1952). The effect of music distraction upon reading rate and comprehension. Journal of Educational Psychology, 43(2), 101-109. doi:10.1037/h0054219"
31,15,43,37,adults,Freeburne & Fleischer (1952),1952,between,music,jazz,NA,reading comprehension,num_correct,13.4,5.81,12.22,7.68,SD,Journal of Educational Psychology,3.256,"Freeburne, C. M., & Fleischer, M. S. (1952). The effect of music distraction upon reading rate and comprehension. Journal of Educational Psychology, 43(2), 101-109. doi:10.1037/h0054219"
32,15,43,37,adults,Freeburne & Fleischer (1952),1952,between,music,jazz,NA,reading comprehension,reading_speed,648.23,112.11,716.59,111.45,SD,Journal of Educational Psychology,3.256,"Freeburne, C. M., & Fleischer, M. S. (1952). The effect of music distraction upon reading rate and comprehension. Journal of Educational Psychology, 43(2), 101-109. doi:10.1037/h0054219"
33,16,61,62,adults,Fendrick (1937),1937,between,music,semi-classical,NA,reading comprehension,num_correct,33.69,1.11,29.58,1.11,SE,The Journal of Educational Research,1.218,"Fendrick, P. (1937). The influence of music distraction upon reading efficiency. The Journal of Educational Research, 31(4), 264-271. doi:10.1080/00220671.1937.10880749"
34,17,19,17,adults,Henderson et al. (1945),1945,between,music,classical,NA,reading comprehension,num_correct,49.2,NA,46.1,NA,NA,Journal of Applied Psychology,3.81,"Henderson, M. T., Crews, A., & Barlow, J. (1945). A study of the effect of music distraction on reading efficiency. Journal of Applied Psychology, 29(4), 313-317. doi:10.1037/h0056128"
35,17,19,14,adults,Henderson et al. (1945),1945,between,music,pop,NA,reading comprehension,num_correct,49.2,NA,22.9,NA,NA,Journal of Applied Psychology,3.81,"Henderson, M. T., Crews, A., & Barlow, J. (1945). A study of the effect of music distraction on reading efficiency. Journal of Applied Psychology, 29(4), 313-317. doi:10.1037/h0056128"
36,18,13,13,adults,Miller (2014),2014,between,music,classical lyrical,NA,reading comprehension,num_correct,15.077,2.139,13.154,2.304,SD,NA,NA,"Miller, C. (2014). The differentiated effects of lyrical and non-lyrical music on reading comprehension. Master's thesis dissertation. Retrieved from http://rdw.rowan.edu/cgi/viewcontent.cgi?article=1351&context=etd"
37,18,13,17,adults,Miller (2014),2014,between,music,classical non-lyrical,NA,reading comprehension,num_correct,15.077,2.139,15.294,1.212,SD,NA,NA,"Miller, C. (2014). The differentiated effects of lyrical and non-lyrical music on reading comprehension. Master's thesis dissertation. Retrieved from http://rdw.rowan.edu/cgi/viewcontent.cgi?article=1351&context=etd"
38,18,13,11,adults,Miller (2014),2014,between,music,rock lyrical,NA,reading comprehension,num_correct,15.077,2.139,14.182,2.4,SD,NA,NA,"Miller, C. (2014). The differentiated effects of lyrical and non-lyrical music on reading comprehension. Master's thesis dissertation. Retrieved from http://rdw.rowan.edu/cgi/viewcontent.cgi?article=1351&context=etd"
39,18,13,18,adults,Miller (2014),2014,between,music,rock non-lyrical,NA,reading comprehension,num_correct,15.077,2.139,14.111,2.042,SD,NA,NA,"Miller, C. (2014). The differentiated effects of lyrical and non-lyrical music on reading comprehension. Master's thesis dissertation. Retrieved from http://rdw.rowan.edu/cgi/viewcontent.cgi?article=1351&context=etd"
40,19,16,16,adults,Furnham & Allass (1999),1999,between,music,complex,NA,reading comprehension,num_correct,8,2.855,7.94,1.83,SD,European Journal of Personality,3.989,"Furnham, A., & Allass, K. (1999). The influence of musical distraction of varying complexity on the cognitive performance of extroverts and introverts. European Journal of Personality, 13(1), 27-38. doi:10.1002/(SICI)1099-0984(199901/02)13:1<27::AID-PER318>3.0.CO;2-R"
41,19,16,16,adults,Furnham & Allass (1999),1999,between,music,simple,NA,reading comprehension,num_correct,8,2.855,7.875,1.83,SD,European Journal of Personality,3.989,"Furnham, A., & Allass, K. (1999). The influence of musical distraction of varying complexity on the cognitive performance of extroverts and introverts. European Journal of Personality, 13(1), 27-38. doi:10.1002/(SICI)1099-0984(199901/02)13:1<27::AID-PER318>3.0.CO;2-R"
42,20,10,10,adults,Furnham & Bradley (1997),1997,between,music,pop,NA,reading comprehension,num_correct,9.3,1.835,7.7,1.29,SD,Applied Cognitive Psychology,1.481,"Furnham, A., & Bradley, A. (1997). Music while you work: The differential distraction of background music on the cognitive test performance of introverts and extraverts. Applied Cognitive Psychology, 11(5), 445-455. doi:10.1002/(SICI)1099-0720(199710)11:5<445::AID-ACP472>3.0.CO;2-R"
43,21,43,49,children,Furnham at al. (1999),1999,between,music,instrumental,NA,reading comprehension,num_correct,7.78,1.9,7.55,1.79,SD,Personality and Individual Differences,1.946,"Furnham, A., Trew, S., & Sneade, I. (1999). The distracting effects of vocal and instrumental music on the cognitive test performance of introverts and extraverts. Personality and Individual Differences, 27(2), 381-392. doi:10.1016/S0191-8869(98)00249-9"
44,21,43,47,children,Furnham at al. (1999),1999,between,music,vocal,NA,reading comprehension,num_correct,7.78,1.9,7.64,2.22,SD,Personality and Individual Differences,1.946,"Furnham, A., Trew, S., & Sneade, I. (1999). The distracting effects of vocal and instrumental music on the cognitive test performance of introverts and extraverts. Personality and Individual Differences, 27(2), 381-392. doi:10.1016/S0191-8869(98)00249-9"
45,22,30,30,adults,Perham & Currie (2014),2014,within,music,disliked lyrical,70,reading comprehension,prop_correct,0.607869289,0.045594213,0.37024367,0.036767633,SE,Applied Cognitive Psychology,1.481,"Perham, N., & Currie, H. (2014). Does listening to preferred music improve reading comprehension performance?. Applied Cognitive Psychology, 28(2), 279-284. doi:10.1002/acp.2994"
46,22,30,30,adults,Perham & Currie (2014),2014,within,music,non-lyrical,70,reading comprehension,prop_correct,0.607869289,0.045594213,0.547488933,0.048529198,SE,Applied Cognitive Psychology,1.481,"Perham, N., & Currie, H. (2014). Does listening to preferred music improve reading comprehension performance?. Applied Cognitive Psychology, 28(2), 279-284. doi:10.1002/acp.2994"
47,22,30,30,adults,Perham & Currie (2014),2014,within,music,liked lyrical,70,reading comprehension,prop_correct,0.607869289,0.045594213,0.36591534,0.054417703,SE,Applied Cognitive Psychology,1.481,"Perham, N., & Currie, H. (2014). Does listening to preferred music improve reading comprehension performance?. Applied Cognitive Psychology, 28(2), 279-284. doi:10.1002/acp.2994"
48,23,13,12,adults,Kelly (1994),1994,between,music,pop,65,reading comprehension,num_correct,54.92,8.47,48.17,9.08,SD,Southeastern Journal of Music Education,NA,"Kelly, S. N. (1994). A comparison of the effects of background music on the reading comprehension of university undergraduate music majors and nonmusic majors. Southeastern Journal of Music Education, 86."
49,24,28,28,adults,Dove (2009),2009,between,music,sedative classical,62.5,reading comprehension,num_correct,163.2142857,13.6010815,164.6428571,14.17147444,SD,NA,NA,"Dove, M. K. (2009).The relationship of rhythmic and melodic perception with background music distraction in college level students (Order No. 3358711). Available from ProQuest Dissertations and Theses A&I: The Humanities and Social Sciences Collection. (304917640). Retrieved from https://kuscholarworks.ku.edu/bitstream/handle/1808/5339/Dove_ku_0099D_10312_DATA_1.pdf;sequence=1"
50,24,28,28,adults,Dove (2009),2009,between,music,stimulative classical,62.5,reading comprehension,num_correct,163.2142857,13.6010815,173.25,10.64798712,SD,NA,NA,"Dove, M. K. (2009).The relationship of rhythmic and melodic perception with background music distraction in college level students (Order No. 3358711). Available from ProQuest Dissertations and Theses A&I: The Humanities and Social Sciences Collection. (304917640). Retrieved from https://kuscholarworks.ku.edu/bitstream/handle/1808/5339/Dove_ku_0099D_10312_DATA_1.pdf;sequence=1"
51,24,28,28,adults,Dove (2009),2009,between,music,sedative classical,62.5,reading comprehension,reading_speed,196.7857143,21.29398653,198.3928571,21.30960362,SD,NA,NA,"Dove, M. K. (2009).The relationship of rhythmic and melodic perception with background music distraction in college level students (Order No. 3358711). Available from ProQuest Dissertations and Theses A&I: The Humanities and Social Sciences Collection. (304917640). Retrieved from https://kuscholarworks.ku.edu/bitstream/handle/1808/5339/Dove_ku_0099D_10312_DATA_1.pdf;sequence=1"
52,24,28,28,adults,Dove (2009),2009,between,music,stimulative classical,62.5,reading comprehension,reading_speed,196.7857143,21.29398653,208.6071429,23.90310577,SD,NA,NA,"Dove, M. K. (2009).The relationship of rhythmic and melodic perception with background music distraction in college level students (Order No. 3358711). Available from ProQuest Dissertations and Theses A&I: The Humanities and Social Sciences Collection. (304917640). Retrieved from https://kuscholarworks.ku.edu/bitstream/handle/1808/5339/Dove_ku_0099D_10312_DATA_1.pdf;sequence=1"
53,25,20,20,adults,Furnham et al. (1994),1994,within,speech,TV drama,NA,reading comprehension,num_correct,8.65,2.115,7.2,2.32,SD,Applied Cognitive Psychology,1.481,"Furnham, A., Gunter, B., & Peterson, E. (1994). Television distraction and the performance of introverts and extroverts. Applied Cognitive Psychology, 8(7), 705-711. doi:10.1002/acp.2350080708"
54,26,22,22,children,Johansson (1983),1983,between,noise,continuous,51,select word,prop_correct,96.55,4.38,97.71,3.64,SD,Ergonomics,1.449,"Johansson, C. R. (1983). Effects of low intensity, continuous and intermittent noise on mental performance and writing pressure of children with different intelligence and personality characteristics. Ergonomics, 26(3), 275-288. doi:10.1080/00140138308963341"
55,26,22,22,children,Johansson (1983),1983,between,noise,intermittent,67.4,select word,prop_correct,96.55,4.38,97.37,3.35,SD,Ergonomics,1.449,"Johansson, C. R. (1983). Effects of low intensity, continuous and intermittent noise on mental performance and writing pressure of children with different intelligence and personality characteristics. Ergonomics, 26(3), 275-288. doi:10.1080/00140138308963341"
56,27,28,28,adults,Halin (2016),2016,within,speech,native,60,reading comprehension (easy font),prop_correct,0.536700219,0.029426996,0.34971425,0.022888983,SE,Frontiers in Psychology,2.463,"Halin, N. (2016). Distracted While Reading? Changing to a Hard-to-Read Font Shields against the Effects of Environmental Noise and Speech on Text Memory. Frontiers in Psychology, 7."
57,27,28,28,adults,Halin (2016),2016,within,speech,native,60,reading comprehension (difficult font),prop_correct,0.487832177,0.029428481,0.455066384,0.022888241,SE,Frontiers in Psychology,2.463,"Halin, N. (2016). Distracted While Reading? Changing to a Hard-to-Read Font Shields against the Effects of Environmental Noise and Speech on Text Memory. Frontiers in Psychology, 7."
58,27,28,28,adults,Halin (2016),2016,within,noise,road traffic,60,reading comprehension (easy font),prop_correct,0.536700219,0.029426996,0.459182526,0.029427738,SE,Frontiers in Psychology,2.463,"Halin, N. (2016). Distracted While Reading? Changing to a Hard-to-Read Font Shields against the Effects of Environmental Noise and Speech on Text Memory. Frontiers in Psychology, 7."
59,27,28,28,adults,Halin (2016),2016,within,noise,road traffic,60,reading comprehension (difficult font),prop_correct,0.487832177,0.029428481,0.486062919,0.029428481,SE,Frontiers in Psychology,2.463,"Halin, N. (2016). Distracted While Reading? Changing to a Hard-to-Read Font Shields against the Effects of Environmental Noise and Speech on Text Memory. Frontiers in Psychology, 7."
60,27,28,28,adults,Halin (2016),2016,within,noise,aircraft,60,reading comprehension (easy font),prop_correct,0.536700219,0.029426996,0.486364354,0.029428481,SE,Frontiers in Psychology,2.463,"Halin, N. (2016). Distracted While Reading? Changing to a Hard-to-Read Font Shields against the Effects of Environmental Noise and Speech on Text Memory. Frontiers in Psychology, 7."
61,27,28,28,adults,Halin (2016),2016,within,noise,aircraft,60,reading comprehension (difficult font),prop_correct,0.487832177,0.029428481,0.484904697,0.029972696,SE,Frontiers in Psychology,2.463,"Halin, N. (2016). Distracted While Reading? Changing to a Hard-to-Read Font Shields against the Effects of Environmental Noise and Speech on Text Memory. Frontiers in Psychology, 7."
62,28,54,54,adults,Smith-Jackson & Klein (2009),2009,within,speech,native,65,proofreading,prop_correct,0.53,0.18,0.52,0.21,SD,Journal of Environmental Psychology,2.647,"Smith-Jackson, T. L., & Klein, K. W. (2009). Open-plan offices: Task performance and mental workload. Journal of Environmental Psychol- ogy, 29, 279–289. doi:10.1016/j.jenvp.2008.09.002"
63,29,30,30,adults,Cauchard et al. (2012),2012,within,music,instrumental,65,reading comprehension,prop_correct,0.87,0.03,0.91,0.02,SE,Applied Cognitive Psychology,1.481,"Cauchard, F., Cane, J. E., & Weger, U. W. (2012). Influence of Background Speech and Music in Interrupted Reading: An Eye-Tracking Study. Applied Cognitive Psychology, 26(3), 381-390."
64,29,30,30,adults,Cauchard et al. (2012),2012,within,speech,native,65,reading comprehension,prop_correct,0.87,0.03,0.82,0.04,SE,Applied Cognitive Psychology,1.481,"Cauchard, F., Cane, J. E., & Weger, U. W. (2012). Influence of Background Speech and Music in Interrupted Reading: An Eye-Tracking Study. Applied Cognitive Psychology, 26(3), 381-390."
65,29,30,30,adults,Cauchard et al. (2012),2012,within,music,instrumental,65,reading comprehension,reading_speed,12.29333333,0.753333333,12.25666667,0.706666667,SE,Applied Cognitive Psychology,1.481,"Cauchard, F., Cane, J. E., & Weger, U. W. (2012). Influence of Background Speech and Music in Interrupted Reading: An Eye-Tracking Study. Applied Cognitive Psychology, 26(3), 381-390."
66,29,30,30,adults,Cauchard et al. (2012),2012,within,speech,native,65,reading comprehension,reading_speed,12.29333333,0.753333333,13.515,0.825,SE,Applied Cognitive Psychology,1.481,"Cauchard, F., Cane, J. E., & Weger, U. W. (2012). Influence of Background Speech and Music in Interrupted Reading: An Eye-Tracking Study. Applied Cognitive Psychology, 26(3), 381-390."
67,30,24,24,adults,Johansson et al. (2012),2012,within,music,preferred,65,reading comprehension,prop_correct,62.5,24.5,45.8,35.9,SD,Psychology of Music,2.01,"Johansson, R., Holmqvist, K., Mossberg, F., & Lindgren, M. (2012). Eye movements and reading comprehension while listening to preferred and non-preferred study music. Psychology of music, 40(3), 339-356."
68,30,24,24,adults,Johansson et al. (2012),2012,within,music,non-preferred,65,reading comprehension,prop_correct,62.5,24.5,40.2,21,SD,Psychology of Music,2.01,"Johansson, R., Holmqvist, K., Mossberg, F., & Lindgren, M. (2012). Eye movements and reading comprehension while listening to preferred and non-preferred study music. Psychology of music, 40(3), 339-356."
69,30,24,24,adults,Johansson et al. (2012),2012,within,noise,cafe,65,reading comprehension,prop_correct,62.5,24.5,50,29.5,SD,Psychology of Music,2.01,"Johansson, R., Holmqvist, K., Mossberg, F., & Lindgren, M. (2012). Eye movements and reading comprehension while listening to preferred and non-preferred study music. Psychology of music, 40(3), 339-356."
70,30,24,24,adults,Johansson et al. (2012),2012,within,music,preferred,65,reading comprehension,reading_speed,198.5,17.5,202,18,SD,Psychology of Music,2.01,"Johansson, R., Holmqvist, K., Mossberg, F., & Lindgren, M. (2012). Eye movements and reading comprehension while listening to preferred and non-preferred study music. Psychology of music, 40(3), 339-356."
71,30,24,24,adults,Johansson et al. (2012),2012,within,music,non-preferred,65,reading comprehension,reading_speed,198.5,17.5,201,17.5,SD,Psychology of Music,2.01,"Johansson, R., Holmqvist, K., Mossberg, F., & Lindgren, M. (2012). Eye movements and reading comprehension while listening to preferred and non-preferred study music. Psychology of music, 40(3), 339-356."
72,30,24,24,adults,Johansson et al. (2012),2012,within,noise,cafe,65,reading comprehension,reading_speed,198.5,17.5,200.5,21.5,SD,Psychology of Music,2.01,"Johansson, R., Holmqvist, K., Mossberg, F., & Lindgren, M. (2012). Eye movements and reading comprehension while listening to preferred and non-preferred study music. Psychology of music, 40(3), 339-356."
73,31,15,18,adults,Weinstein (1974),1974,between,noise,teletype,70,proofreading (non-contextual errors),perc_incorrect,28,10.24695077,35.5,15.16575089,SD,Journal of Applied Psychology,3.81,"Weinstein, N. D. (1974). Effect of noise on intellectual performance. Journal of Applied Psychology, 59(5), 548."
74,31,15,18,adults,Weinstein (1974),1974,between,noise,teletype,70,proofreading (contextual errors),perc_incorrect,42,9.746794345,61.5,18.30300522,SD,Journal of Applied Psychology,3.81,"Weinstein, N. D. (1974). Effect of noise on intellectual performance. Journal of Applied Psychology, 59(5), 548."
75,32,29,29,adults,Weinstein (1977),1977,within,speech,native,68,proofreading (non-contextual errors),perc_incorrect,45.35,NA,46.1,NA,NA,Journal of Applied Psychology,3.81,"Weinstein, N. D. (1977). Noise and intellectual performance: A confirmation and extension. Journal of Applied Psychology, 62(1), 104-107"
76,32,29,29,adults,Weinstein (1977),1977,within,speech,native,68,proofreading (contextual errors),perc_incorrect,51.65,NA,59.1,NA,NA,Journal of Applied Psychology,3.81,"Weinstein, N. D. (1977). Noise and intellectual performance: A confirmation and extension. Journal of Applied Psychology, 62(1), 104-107"
77,33,36,36,adults,"Martin et al. (1988), Exp.1",1988,within,speech,native,82,reading comprehension,perc_correct,72.1,NA,62.6,NA,NA,Journal of Memory and Language,5.218,"Martin, R. C., Wogalter, M. S., & Forlano, J. G. (1988). Reading comprehension in the presence of unattended speech and music. Journal of memory and language, 27(4), 382-398."
78,33,36,36,adults,"Martin et al. (1988), Exp.1",1988,within,speech,random (native),82,reading comprehension,perc_correct,72.1,NA,65.2,NA,NA,Journal of Memory and Language,5.218,"Martin, R. C., Wogalter, M. S., & Forlano, J. G. (1988). Reading comprehension in the presence of unattended speech and music. Journal of memory and language, 27(4), 382-398."
79,33,36,36,adults,"Martin et al. (1988), Exp.1",1988,within,music,instrumental,82,reading comprehension,perc_correct,72.1,NA,72.3,NA,NA,Journal of Memory and Language,5.218,"Martin, R. C., Wogalter, M. S., & Forlano, J. G. (1988). Reading comprehension in the presence of unattended speech and music. Journal of memory and language, 27(4), 382-398."
80,33,36,36,adults,"Martin et al. (1988), Exp.1",1988,within,music,random tones,82,reading comprehension,perc_correct,72.1,NA,67.2,NA,NA,Journal of Memory and Language,5.218,"Martin, R. C., Wogalter, M. S., & Forlano, J. G. (1988). Reading comprehension in the presence of unattended speech and music. Journal of memory and language, 27(4), 382-398."
81,33,36,36,adults,"Martin et al. (1988), Exp.1",1988,within,noise,white,82,reading comprehension,perc_correct,72.1,NA,70.4,NA,NA,Journal of Memory and Language,5.218,"Martin, R. C., Wogalter, M. S., & Forlano, J. G. (1988). Reading comprehension in the presence of unattended speech and music. Journal of memory and language, 27(4), 382-398."
82,34,36,36,adults,"Martin et al. (1988), Exp.2",1988,within,music,instrumental,82,reading comprehension,perc_correct,67,NA,69,NA,NA,Journal of Memory and Language,5.218,"Martin, R. C., Wogalter, M. S., & Forlano, J. G. (1988). Reading comprehension in the presence of unattended speech and music. Journal of memory and language, 27(4), 382-398."
83,34,36,36,adults,"Martin et al. (1988), Exp.2",1988,within,music,lyrical,82,reading comprehension,perc_correct,67,NA,60,NA,NA,Journal of Memory and Language,5.218,"Martin, R. C., Wogalter, M. S., & Forlano, J. G. (1988). Reading comprehension in the presence of unattended speech and music. Journal of memory and language, 27(4), 382-398."
84,35,48,48,adults,"Martin et al. (1988), Exp.4",1988,within,noise,white,82,reading comprehension,perc_correct,69.4,NA,67.3,NA,NA,Journal of Memory and Language,5.218,"Martin, R. C., Wogalter, M. S., & Forlano, J. G. (1988). Reading comprehension in the presence of unattended speech and music. Journal of memory and language, 27(4), 382-398."
85,35,48,48,adults,"Martin et al. (1988), Exp.4",1988,within,speech,native,82,reading comprehension,perc_correct,69.4,NA,57.8,NA,NA,Journal of Memory and Language,5.218,"Martin, R. C., Wogalter, M. S., & Forlano, J. G. (1988). Reading comprehension in the presence of unattended speech and music. Journal of memory and language, 27(4), 382-398."
86,35,48,48,adults,"Martin et al. (1988), Exp.4",1988,within,speech,foreign,82,reading comprehension,perc_correct,69.4,NA,63.8,NA,NA,Journal of Memory and Language,5.218,"Martin, R. C., Wogalter, M. S., & Forlano, J. G. (1988). Reading comprehension in the presence of unattended speech and music. Journal of memory and language, 27(4), 382-398."
87,36,48,48,adults,"Martin et al. (1988), Exp.5",1988,within,noise,white,82,reading comprehension,perc_correct,67.5,NA,60.2,NA,NA,Journal of Memory and Language,5.218,"Martin, R. C., Wogalter, M. S., & Forlano, J. G. (1988). Reading comprehension in the presence of unattended speech and music. Journal of memory and language, 27(4), 382-398."
88,36,48,48,adults,"Martin et al. (1988), Exp.5",1988,within,speech,non-word,82,reading comprehension,perc_correct,67.5,NA,59.2,NA,NA,Journal of Memory and Language,5.218,"Martin, R. C., Wogalter, M. S., & Forlano, J. G. (1988). Reading comprehension in the presence of unattended speech and music. Journal of memory and language, 27(4), 382-398."
89,36,48,48,adults,"Martin et al. (1988), Exp.5",1988,within,speech,random words,82,reading comprehension,perc_correct,67.5,NA,51.9,NA,NA,Journal of Memory and Language,5.218,"Martin, R. C., Wogalter, M. S., & Forlano, J. G. (1988). Reading comprehension in the presence of unattended speech and music. Journal of memory and language, 27(4), 382-398."
90,37,9,9,children,"Cool et al. (1994), Exp.2",1994,within,music,radio/ generic,NA,reading comprehension,reading_speed,92.71,36.25,85.23,36.7,SD,The Journal of Experimental Education,1.638,"Cool, V. A., Yarbrough, D. B., Patton, J. E., Runde, R., & Keith, T. Z. (1994). Experimental effects of radio and television distractors on children's performance on mathematics and reading assignments. The Journal of experimental education, 62(3), 181-194"
91,37,9,9,children,"Cool et al. (1994), Exp.2",1994,within,speech,movies,NA,reading comprehension,reading_speed,92.71,36.25,74.62,61,SD,The Journal of Experimental Education,1.638,"Cool, V. A., Yarbrough, D. B., Patton, J. E., Runde, R., & Keith, T. Z. (1994). Experimental effects of radio and television distractors on children's performance on mathematics and reading assignments. The Journal of experimental education, 62(3), 181-194"
92,37,9,9,children,"Cool et al. (1994), Exp.2",1994,within,music,radio/ generic,NA,reading comprehension,prop_correct,84,13.8,81,17.75,SD,The Journal of Experimental Education,1.638,"Cool, V. A., Yarbrough, D. B., Patton, J. E., Runde, R., & Keith, T. Z. (1994). Experimental effects of radio and television distractors on children's performance on mathematics and reading assignments. The Journal of experimental education, 62(3), 181-194"
93,37,9,9,children,"Cool et al. (1994), Exp.2",1994,within,speech,movies,NA,reading comprehension,prop_correct,84,13.8,79.39,13.55,SD,The Journal of Experimental Education,1.638,"Cool, V. A., Yarbrough, D. B., Patton, J. E., Runde, R., & Keith, T. Z. (1994). Experimental effects of radio and television distractors on children's performance on mathematics and reading assignments. The Journal of experimental education, 62(3), 181-194"
94,38,91,91,children,Mitchell (1949),1949,within,music,radio/ generic,NA,reading test (composite),reading_score,147.31,NA,147.2,NA,NA,The Journal of Educational Research,1.218,"Mitchell, A. H. (1949). The effect of radio programs on silent reading achievement of ninety-one sixth grade students. The Journal of Educational Research, 42(6), 460-470."
95,39,33,30,adults,Armstrong et al. (1991),1991,between,speech,TV ads,NA,reading comprehension,reading_score,9.23,NA,7.59,NA,NA,Communications Monographs,2.029,"Armstrong, G. B., Boiarsky, G. A., & Mares, M. L. (1991). Background television and reading performance. Communications Monographs, 58(3), 235-253."
96,39,33,32,adults,Armstrong et al. (1991),1991,between,speech,TV drama,NA,reading comprehension,reading_score,9.23,NA,7.96,NA,NA,Communications Monographs,2.029,"Armstrong, G. B., Boiarsky, G. A., & Mares, M. L. (1991). Background television and reading performance. Communications Monographs, 58(3), 235-253."
97,40,30,30,children,"Pool et al. (2000), Exp.1",2000,between,speech,TV soap opera (native),60,reading comprehension,prop_correct,0.755,0.095,0.72,0.085,SD,Communication Research,1.976,"Pool, M. M., Van der Voort, T. H., Beentjes, J. W., & Koolstra, C. M. (2000). Background television as an inhibitor of performance on easy and difficult homework assignments. Communication Research, 27(3), 293-326."
98,40,30,30,children,"Pool et al. (2000), Exp.1",2000,between,music,TV music videos,60,reading comprehension,prop_correct,0.755,0.095,0.735,0.09,SD,Communication Research,1.976,"Pool, M. M., Van der Voort, T. H., Beentjes, J. W., & Koolstra, C. M. (2000). Background television as an inhibitor of performance on easy and difficult homework assignments. Communication Research, 27(3), 293-326."
99,40,30,30,children,"Pool et al. (2000), Exp.1",2000,between,speech,TV soap opera (native),60,reading comprehension,reading_speed,24.28,6.27,25.02,6.465,SD,Communication Research,1.976,"Pool, M. M., Van der Voort, T. H., Beentjes, J. W., & Koolstra, C. M. (2000). Background television as an inhibitor of performance on easy and difficult homework assignments. Communication Research, 27(3), 293-326."
100,40,30,30,children,"Pool et al. (2000), Exp.1",2000,between,music,TV music videos,60,reading comprehension,reading_speed,24.28,6.27,25.63,5.99,SD,Communication Research,1.976,"Pool, M. M., Van der Voort, T. H., Beentjes, J. W., & Koolstra, C. M. (2000). Background television as an inhibitor of performance on easy and difficult homework assignments. Communication Research, 27(3), 293-326."
101,41,48,24,children,"Pool et al. (2000), Exp.2",2000,between,speech,TV soap opera (native),60,reading comprehension,prop_correct,0.76,0.105,0.69,0.15,SD,Communication Research,1.976,"Pool, M. M., Van der Voort, T. H., Beentjes, J. W., & Koolstra, C. M. (2000). Background television as an inhibitor of performance on easy and difficult homework assignments. Communication Research, 27(3), 293-326."
102,41,48,24,children,"Pool et al. (2000), Exp.2",2000,between,music,TV music videos,60,reading comprehension,prop_correct,0.76,0.105,0.75,0.085,SD,Communication Research,1.976,"Pool, M. M., Van der Voort, T. H., Beentjes, J. W., & Koolstra, C. M. (2000). Background television as an inhibitor of performance on easy and difficult homework assignments. Communication Research, 27(3), 293-326."
103,41,48,48,children,"Pool et al. (2000), Exp.2",2000,between,speech,TV soap opera (native),60,reading comprehension,reading_speed,24.47,6.14,29.535,8.905,SD,Communication Research,1.976,"Pool, M. M., Van der Voort, T. H., Beentjes, J. W., & Koolstra, C. M. (2000). Background television as an inhibitor of performance on easy and difficult homework assignments. Communication Research, 27(3), 293-326."
104,41,48,48,children,"Pool et al. (2000), Exp.2",2000,between,music,TV music videos,60,reading comprehension,reading_speed,24.47,6.14,23.965,6.95,SD,Communication Research,1.976,"Pool, M. M., Van der Voort, T. H., Beentjes, J. W., & Koolstra, C. M. (2000). Background television as an inhibitor of performance on easy and difficult homework assignments. Communication Research, 27(3), 293-326."
105,42,52,52,children,Dockrell & Shield (2006),2006,between,noise,children babble,65,reading comprehension,reading_score,33.45,11.62,27.59,12.23,SD,British Educational Research Journal,1.124,"Dockrell, J. E., & Shield, B. M. (2006). Acoustical barriers in classrooms: The impact of noise on performance in the classroom. British Educational Research Journal, 32(3), 509-525."
106,42,52,52,children,Dockrell & Shield (2006),2006,between,noise,children babble + environmental,65,reading comprehension,reading_score,33.45,11.62,39.48,8.95,SD,British Educational Research Journal,1.124,"Dockrell, J. E., & Shield, B. M. (2006). Acoustical barriers in classrooms: The impact of noise on performance in the classroom. British Educational Research Journal, 32(3), 509-525."
107,43,42,42,adults,"Hyönä & Ekholm (2016), Exp.1",2016,within,speech,native,82.5,reading comprehension,perc_correct,78,15,74.5,13,SD,PloS One,3.057,"Hyönä, J., & Ekholm, M. (2016). Background Speech Effects on Sentence Processing during Reading: An Eye Movement Study. PloS one, 11(3), e0152133."
108,43,42,42,adults,"Hyönä & Ekholm (2016), Exp.1",2016,within,speech,foreign,82.5,reading comprehension,perc_correct,78,15,78,14.5,SD,PloS One,3.057,"Hyönä, J., & Ekholm, M. (2016). Background Speech Effects on Sentence Processing during Reading: An Eye Movement Study. PloS one, 11(3), e0152133."
109,43,42,42,adults,"Hyönä & Ekholm (2016), Exp.1",2016,within,speech,native,82.5,reading comprehension,reading_speed,5056.5,2126,5121,1807,SD,PloS One,3.057,"Hyönä, J., & Ekholm, M. (2016). Background Speech Effects on Sentence Processing during Reading: An Eye Movement Study. PloS one, 11(3), e0152133."
110,43,42,42,adults,"Hyönä & Ekholm (2016), Exp.1",2016,within,speech,foreign,82.5,reading comprehension,reading_speed,5056.5,2126,4881.5,1695,SD,PloS One,3.057,"Hyönä, J., & Ekholm, M. (2016). Background Speech Effects on Sentence Processing during Reading: An Eye Movement Study. PloS one, 11(3), e0152133."
111,44,36,36,adults,"Hyönä & Ekholm (2016), Exp.2",2016,within,speech,scrambled-Different,82.5,reading comprehension,reading_speed,4120,1640.5,4534.5,2022,SD,PloS One,3.057,"Hyönä, J., & Ekholm, M. (2016). Background Speech Effects on Sentence Processing during Reading: An Eye Movement Study. PloS one, 11(3), e0152133."
112,44,36,36,adults,"Hyönä & Ekholm (2016), Exp.2",2016,within,speech,scrambled-Same,82.5,reading comprehension,reading_speed,4120,1640.5,4570,1880,SD,PloS One,3.057,"Hyönä, J., & Ekholm, M. (2016). Background Speech Effects on Sentence Processing during Reading: An Eye Movement Study. PloS one, 11(3), e0152133."
113,45,35,35,adults,"Hyönä & Ekholm (2016), Exp.3",2016,within,speech,native,82.5,reading comprehension,reading_speed,4443,1751.5,4797.5,1979,SD,PloS One,3.057,"Hyönä, J., & Ekholm, M. (2016). Background Speech Effects on Sentence Processing during Reading: An Eye Movement Study. PloS one, 11(3), e0152133."
114,45,35,35,adults,"Hyönä & Ekholm (2016), Exp.3",2016,within,speech,scrambled,82.5,reading comprehension,reading_speed,4443,1751.5,5050.5,2333,SD,PloS One,3.057,"Hyönä, J., & Ekholm, M. (2016). Background Speech Effects on Sentence Processing during Reading: An Eye Movement Study. PloS one, 11(3), e0152133."
115,46,36,36,adults,"Hyönä & Ekholm (2016), Exp.4",2016,within,speech,scrambled-Semantic,82.5,reading comprehension,reading_speed,4884.5,1846,5176,1916,SD,PloS One,3.057,"Hyönä, J., & Ekholm, M. (2016). Background Speech Effects on Sentence Processing during Reading: An Eye Movement Study. PloS one, 11(3), e0152133."
116,46,36,36,adults,"Hyönä & Ekholm (2016), Exp.4",2016,within,speech,scrambled-Syntactic+Semantic,82.5,reading comprehension,reading_speed,4884.5,1846,5236,1770.5,SD,PloS One,3.057,"Hyönä, J., & Ekholm, M. (2016). Background Speech Effects on Sentence Processing during Reading: An Eye Movement Study. PloS one, 11(3), e0152133."
117,47,19,20,adults,Armstrong & Chung (2000),2000,between,speech,native,NA,reading comprehension,num_correct,7.84,1.46,7.7,1.49,SD,Communication Research,1.976,"Armstrong, G. B., & Chung, L. (2000). Background Television and Reading Memory in Context Assessing TV Interference and Facilitative Context Effects on Encoding Versus Retrieval Processes. Communication Research, 27(3), 327-352."
118,48,50,50,adults,"Madsen (1987), Exp.1",1987,between,music,various,75,reading comprehension,num_correct,31.74,6.87,31.04,7.17,SD,NA,NA,"Madsen, C. K. (1987). Background music: Competition for focus of attention. Applications of research in music behavior, 315-325"
119,49,23,23,children,"Sörqvist (2010), Exp.1a",2010,within,noise,aircraft,57.5,reading comprehension,prop_correct,0.28,0.22,0.24,0.2,SD,Journal of Environmental Psychology,2.647,"Sörqvist, P. (2010). Effects of aircraft noise and speech on prose memory: What role for working memory capacity?. Journal of Environmental Psychology, 30(1), 112-118."
120,50,23,23,children,"Sörqvist (2010), Exp.1b",2010,within,speech,native,57.5,reading comprehension,prop_correct,0.28,0.16,0.17,0.11,SD,Journal of Environmental Psychology,2.647,"Sörqvist, P. (2010). Effects of aircraft noise and speech on prose memory: What role for working memory capacity?. Journal of Environmental Psychology, 30(1), 112-118."
121,51,24,24,adults,"Sörqvist et al. (2010), Exp.1",2010,within,speech,native,65,reading comprehension,prop_correct,0.61,0.17,0.49,0.19,SD,Memory,1.976,"Sörqvist, P., Ljungberg, J. K., & Ljung, R. (2010). A sub-process view of working memory capacity: Evidence from effects of speech on prose memory. Memory, 18(3), 310-326."
122,52,42,42,adults,"Sörqvist et al. (2010), Exp.2",2010,within,speech,native,65,reading comprehension,prop_correct,0.54,0.15,0.47,0.17,SD,Memory,1.976,"Sörqvist, P., Ljungberg, J. K., & Ljung, R. (2010). A sub-process view of working memory capacity: Evidence from effects of speech on prose memory. Memory, 18(3), 310-326."
123,53,32,32,adults,Halin et al. (2014),2014,within,speech,native,65,reading comprehension,prop_correct,59.63,NA,56.265,NA,NA,Journal of Applied Research in Memory and Cognition,2.063,"Halin, N., Marsh, J. E., Hellman, A., Hellström, I., & Sörqvist, P. (2014). A shield against distraction. Journal of Applied Research in Memory and Cognition, 3(1), 31-36."
124,54,31,31,adults,"Halin et al. (2014), Exp.1",2014,within,speech,native,65,proofreading (contextual errors),prop_misses,0.2325,0.165,0.2575,0.205,SD,Journal of Experimental Psychology: Applied,2.355,"Halin, N., Marsh, J. E., Haga, A., Holmgren, M., & Sörqvist, P. (2014). Effects of speech on proofreading: Can task-engagement manipulations shield against distraction?. Journal of Experimental Psychology: Applied,20(1), 69."
125,54,31,31,adults,"Halin et al. (2014), Exp.1",2014,within,speech,native,65,proofreading (spelling errors),prop_misses,0.33,0.1575,0.2875,0.1275,SD,Journal of Experimental Psychology: Applied,2.355,"Halin, N., Marsh, J. E., Haga, A., Holmgren, M., & Sörqvist, P. (2014). Effects of speech on proofreading: Can task-engagement manipulations shield against distraction?. Journal of Experimental Psychology: Applied,20(1), 69."
126,55,29,29,adults,"Halin et al. (2014), Exp.2",2014,within,speech,native,65,proofreading (contextual errors),prop_misses,0.2,0.1925,0.2375,0.2075,SD,Journal of Experimental Psychology: Applied,2.355,"Halin, N., Marsh, J. E., Haga, A., Holmgren, M., & Sörqvist, P. (2014). Effects of speech on proofreading: Can task-engagement manipulations shield against distraction?. Journal of Experimental Psychology: Applied,20(1), 69."
127,55,29,29,adults,"Halin et al. (2014), Exp.2",2014,within,speech,native,65,proofreading (spelling errors),prop_misses,0.4225,0.1675,0.3975,0.155,SD,Journal of Experimental Psychology: Applied,2.355,"Halin, N., Marsh, J. E., Haga, A., Holmgren, M., & Sörqvist, P. (2014). Effects of speech on proofreading: Can task-engagement manipulations shield against distraction?. Journal of Experimental Psychology: Applied,20(1), 69."
128,56,54,54,adults,Haapakangas et al. (2011),2011,within,speech,native,48,proofreading (contextual errors),prop_correct,19.2,5.9,18.4,6.3,SD,Acta Acustica United with Acustica,0.897,"Haapakangas, A., Kankkunen, E., Hongisto, V., Virjonen, P., Oliva, D., & Keskinen, E. (2011). Effects of five speech masking sounds on performance and acoustic satisfaction. Implications for open-plan offices. Acta Acustica united with Acustica, 97(4), 641-655"
129,56,54,54,adults,Haapakangas et al. (2011),2011,within,speech,native,48,proofreading (non-contextual errors),prop_correct,19.4,5.2,18.6,5,SD,Acta Acustica United with Acustica,0.897,"Haapakangas, A., Kankkunen, E., Hongisto, V., Virjonen, P., Oliva, D., & Keskinen, E. (2011). Effects of five speech masking sounds on performance and acoustic satisfaction. Implications for open-plan offices. Acta Acustica united with Acustica, 97(4), 641-655"
130,56,54,54,adults,Haapakangas et al. (2011),2011,within,speech,native,48,proofreading,proofreading_speed,118,18,117,22,SD,Acta Acustica United with Acustica,0.897,"Haapakangas, A., Kankkunen, E., Hongisto, V., Virjonen, P., Oliva, D., & Keskinen, E. (2011). Effects of five speech masking sounds on performance and acoustic satisfaction. Implications for open-plan offices. Acta Acustica united with Acustica, 97(4), 641-655"
131,57,24,24,adults,Baker & Madell (1965),1965,within,speech,native,NA,reading comprehension,perc_correct,79.5,18.9,49,31.5,SD,Journal of Educational Psychology,3.256,"Baker, R. W., & Madell, T. O. (1965). A continued investigation of susceptibility to distraction in academically underachieving and achieving male college students.Journal of Educational Psychology,56(5), 254"
132,58,40,40,adults,Vasilev et al. (n.d.),2016,within,noise,speech-spectrum,60,reading comprehension,perc_correct,0.9363636,0.2443819,0.9272727,0.2599839,SD,NA,NA,Vasilev et al. (n.d.). Unpublished study.
133,58,40,40,adults,Vasilev et al. (n.d.),2016,within,speech,foreign,60,reading comprehension,perc_correct,0.9363636,0.2443819,0.9318182,0.2523446,SD,NA,NA,Vasilev et al. (n.d.). Unpublished study.
134,58,40,40,adults,Vasilev et al. (n.d.),2016,within,speech,native,60,reading comprehension,perc_correct,0.9363636,0.2443819,0.9090909,0.287807,SD,NA,NA,Vasilev et al. (n.d.). Unpublished study.
135,58,40,40,adults,Vasilev et al. (n.d.),2016,within,noise,speech-spectrum,60,reading comprehension,reading_speed,3040,1244,2960,1354,SD,NA,NA,Vasilev et al. (n.d.). Unpublished study.
136,58,40,40,adults,Vasilev et al. (n.d.),2016,within,speech,foreign,60,reading comprehension,reading_speed,3040,1244,3150,1426,SD,NA,NA,Vasilev et al. (n.d.). Unpublished study.
137,58,40,40,adults,Vasilev et al. (n.d.),2016,within,speech,native,60,reading comprehension,reading_speed,3040,1244,3370,1616,SD,NA,NA,Vasilev et al. (n.d.). Unpublished study.
